{
  "wavelet_stain_specific": {
    "stain_0_contrast": 5.835725962252759,
    "stain_0_mean": 149.37071480889998,
    "stain_1_contrast": 2.2372486365608366,
    "stain_1_mean": 242.63221364555403,
    "between_class_variance": 2193.957280798958,
    "stain_correlation": 0.9708983738278163,
    "reconstruction_mse": 6595.690233158732,
    "psnr": 9.938201100732481,
    "stain_0_entropy": 3.7786080837249756,
    "stain_1_entropy": 2.8227291107177734
  },
  "wavelet_reinhard": {
    "stain_0_contrast": 17.583012081905135,
    "stain_0_mean": 199.51923700391538,
    "stain_1_contrast": 21.536524946577394,
    "stain_1_mean": 244.7271106254728,
    "between_class_variance": 897.4300696691631,
    "stain_correlation": 0.5925169767496679,
    "reconstruction_mse": 5852.757422892346,
    "psnr": 10.457198364261131,
    "stain_0_entropy": 5.970420837402344,
    "stain_1_entropy": 2.8814120292663574
  },
  "wavelet_all_pixel_quantile": {
    "stain_0_contrast": 15.930837531627132,
    "stain_0_mean": 216.80923481484834,
    "stain_1_contrast": 24.640277684474338,
    "stain_1_mean": 235.33144507058125,
    "between_class_variance": 516.2355026029464,
    "stain_correlation": 0.5757089409225848,
    "reconstruction_mse": 6034.1151577036535,
    "psnr": 10.32466766683231,
    "stain_0_entropy": 5.704935550689697,
    "stain_1_entropy": 5.520686626434326
  },
  "wavelet_colour_map_quantile": {
    "stain_0_contrast": 23.019419595940544,
    "stain_0_mean": 211.01710474177784,
    "stain_1_contrast": 28.528984739363718,
    "stain_1_mean": 239.03971955926784,
    "between_class_variance": 868.2150596987615,
    "stain_correlation": 0.6200331660904005,
    "reconstruction_mse": 6319.076235568245,
    "psnr": 10.1242676599025,
    "stain_0_entropy": 6.097552299499512,
    "stain_1_entropy": 3.8017096519470215
  },
  "wavelet_none": {
    "stain_0_contrast": 21.27802592631378,
    "stain_0_mean": 187.57789153126626,
    "stain_1_contrast": 29.50855208308552,
    "stain_1_mean": 238.5121737989919,
    "between_class_variance": 1310.3297942126148,
    "stain_correlation": 0.6413226697847489,
    "reconstruction_mse": 3364.3407826268744,
    "psnr": 12.86180380722274,
    "stain_0_entropy": 6.226762771606445,
    "stain_1_entropy": 3.7250542640686035
  },
  "ruifork_stain_specific": {
    "stain_0_contrast": 6.877525637482843,
    "stain_0_mean": 216.972867114394,
    "stain_1_contrast": 11.560826593568834,
    "stain_1_mean": 238.7776083380363,
    "between_class_variance": 209.33822016790256,
    "stain_correlation": 0.022337399737624622,
    "reconstruction_mse": 7202.008801065531,
    "psnr": 9.556267131117524,
    "stain_0_entropy": 4.089380741119385,
    "stain_1_entropy": 3.770343780517578
  },
  "ruifork_reinhard": {
    "stain_0_contrast": 18.498286756113817,
    "stain_0_mean": 200.11728596327725,
    "stain_1_contrast": 2.105482744979953,
    "stain_1_mean": 248.35325122638557,
    "between_class_variance": 754.9869214663598,
    "stain_correlation": 0.1929296107440318,
    "reconstruction_mse": 5814.538151189717,
    "psnr": 10.4856513644756,
    "stain_0_entropy": 6.200682640075684,
    "stain_1_entropy": 2.982542037963867
  },
  "ruifork_all_pixel_quantile": {
    "stain_0_contrast": 18.82160395339772,
    "stain_0_mean": 199.910426978912,
    "stain_1_contrast": 1.071352748759705,
    "stain_1_mean": 252.03219868231096,
    "between_class_variance": 856.8700574207265,
    "stain_correlation": 0.28082672063222835,
    "reconstruction_mse": 5929.310949737974,
    "psnr": 10.400761343019562,
    "stain_0_entropy": 6.136257171630859,
    "stain_1_entropy": 2.092449426651001
  },
  "ruifork_colour_map_quantile": {
    "stain_0_contrast": 21.96393961971889,
    "stain_0_mean": 202.91220871322577,
    "stain_1_contrast": 1.3626215806524804,
    "stain_1_mean": 251.59512050490784,
    "between_class_variance": 834.642165724534,
    "stain_correlation": 0.3592717612351688,
    "reconstruction_mse": 6270.613835334744,
    "psnr": 10.157703045268068,
    "stain_0_entropy": 6.306083679199219,
    "stain_1_entropy": 2.4345054626464844
  },
  "ruifork_none": {
    "stain_0_contrast": 21.10416211063961,
    "stain_0_mean": 178.43476718764,
    "stain_1_contrast": 0.7904211281238193,
    "stain_1_mean": 253.14276735020363,
    "between_class_variance": 1618.3265340483722,
    "stain_correlation": 0.2040373731845021,
    "reconstruction_mse": 3227.9208278183314,
    "psnr": 13.041574867581778,
    "stain_0_entropy": 6.376364231109619,
    "stain_1_entropy": 1.6851091384887695
  },
  "reference_stain_specific": {
    "stain_0_contrast": 6.972323182336285,
    "stain_0_mean": 247.93056547203952,
    "stain_1_contrast": 33.74652716642851,
    "stain_1_mean": 186.03590347045636,
    "between_class_variance": 1551.4579892492764,
    "stain_correlation": 0.8233180237741836,
    "reconstruction_mse": 8429.510474731978,
    "psnr": 8.87278006207061,
    "stain_0_entropy": 3.511887788772583,
    "stain_1_entropy": 5.429464340209961
  },
  "reference_reinhard": {
    "stain_0_contrast": 6.894687304302058,
    "stain_0_mean": 227.27643113721572,
    "stain_1_contrast": 17.564110052173376,
    "stain_1_mean": 222.79137452166114,
    "between_class_variance": 183.04627068566322,
    "stain_correlation": 0.2791354916043011,
    "reconstruction_mse": 7310.9803502753575,
    "psnr": 9.491047442153977,
    "stain_0_entropy": 4.651031494140625,
    "stain_1_entropy": 5.9549150466918945
  },
  "reference_all_pixel_quantile": {
    "stain_0_contrast": 7.770529953018622,
    "stain_0_mean": 228.54986916398883,
    "stain_1_contrast": 15.854545637423719,
    "stain_1_mean": 222.77238321050234,
    "between_class_variance": 164.21871254563908,
    "stain_correlation": 0.5529494385717798,
    "reconstruction_mse": 7470.302827714266,
    "psnr": 9.397421534648862,
    "stain_0_entropy": 4.7676801681518555,
    "stain_1_entropy": 5.784113883972168
  },
  "reference_colour_map_quantile": {
    "stain_0_contrast": 9.093891702803647,
    "stain_0_mean": 229.70198623196907,
    "stain_1_contrast": 18.022230895739106,
    "stain_1_mean": 224.77573977996644,
    "between_class_variance": 209.81681240729438,
    "stain_correlation": 0.5704942466035936,
    "reconstruction_mse": 7777.10965840394,
    "psnr": 9.222621382527665,
    "stain_0_entropy": 4.935934066772461,
    "stain_1_entropy": 5.964273452758789
  },
  "reference_none": {
    "stain_0_contrast": 9.728946624172792,
    "stain_0_mean": 213.00696806825457,
    "stain_1_contrast": 17.923979364871897,
    "stain_1_mean": 214.3820804080347,
    "between_class_variance": 208.43345283093217,
    "stain_correlation": 0.6989004731639725,
    "reconstruction_mse": 5273.19325598014,
    "psnr": 10.910066728916926,
    "stain_0_entropy": 5.180031776428223,
    "stain_1_entropy": 6.040882587432861
  }
}